scenario,region,variables,unit,2020,2030,2050
S1,FR,Production|Electricity|Nuclear,TWh/year,348.5535264,258.8897445,9.93607041
S1,FR,Production|Electricity|Conventional|Mix gas|Combined Cycle Turbines,TWh/year,0.648291578,0.830428416,4.58529902
S1,FR,Production|Electricity|Conventional|Mix gas|Open Cycle Turbines,TWh/year,0.002240017,0.01319993,0.288225842
S1,FR,Production|Electricity|Conventional|Mix gas|Cycle Turbines total,TWh/year,0.650531595,0.843628346,4.873524862
S1,FR,Production|Electricity|Conventional|Coal,TWh/year,7.394066187,0,0
S1,FR,Production|Electricity|Conventional|Fuel oil and Mix gas|CHP,TWh/year,10.69048252,3.309134524,0
S1,FR,Production|Electricity|Conventional|Fuel oil|CHP,TWh/year,1.960600014,0,0
S1,FR,Production|Electricity|Conventional|Mix gas|CHP,TWh/year,8.72988251,3.309134524,0
S1,FR,Production|Electricity|Renewable|Photovoltaic ground fix,TWh/year,5.09069132,15.66474338,35.5456216
S1,FR,Production|Electricity|Renewable|Photovoltaic ground tracker,TWh/year,0,4.50E-10,11.02299416
S1,FR,Production|Electricity|Renewable|Photovoltaic ground total,TWh/year,5.09069132,15.66474338,46.56861575
S1,FR,Production|Electricity|Renewable|Photovoltaic roof large,TWh/year,4.527400137,7.66410922,25.67787782
S1,FR,Production|Electricity|Renewable|Photovoltaic roof small,TWh/year,1.719538834,6.327814016,43.91893226
S1,FR,Production|Electricity|Renewable|Photovoltaic roof total,TWh/year,6.246938971,13.99192324,69.59681008
S1,FR,Production|Electricity|Renewable|Photovoltaic total,TWh/year,11.33763029,29.65666662,116.1654258
S1,FR,Production|Electricity|Renewable|Wind turbines|Fixed Offshore,TWh/year,0,12.22681839,31.55946485
S1,FR,Production|Electricity|Renewable|Wind turbines|Floating Offshore,TWh/year,0,2.712215844,17.97320844
S1,FR,Production|Electricity|Renewable|Wind turbines|Offshore total,TWh/year,0,14.93903424,49.53267329
S1,FR,Production|Electricity|Renewable|Wind turbines|Onshore total,TWh/year,29.6547338,52.72811406,156.4015653
S1,FR,Production|Electricity|Renewable|Sea,TWh/year,0.393199663,0.345161997,0.45165327
S1,FR,Production|Electricity|Renewable|Biogas|CHP,TWh/year,2.028759411,1.780903488,2.3303576
S1,FR,Production|Electricity|Renewable|Biomass|CHP,TWh/year,1.367125832,1.468230674,1.921217255
S1,FR,Production|Electricity|Conventional|Waste,TWh/year,2.680094983,2.352664626,3.07852162
S1,FR,Production|Electricity|Renewable|Geothermal,TWh/year,0.004006222,0.045623053,0.059698928
S1,FR,Production|Electricity|Hydro|Reservoir,TWh/year,8.664228966,7.605705803,9.952265143
S1,FR,Production|Electricity|Hydro|Run of river,TWh/year,45.48720207,39.92995546,52.249392
S1,FR,Production|Electricity|Hydro Total,TWh/year,54.15143103,47.53566127,62.20165714
S1,FR,Production|Electricity|Total primary electricity without flexibility,TWh/year,550.0779581,553.119187,415.6142117
S1,FR,Consumption|Electricity|Exports,TWh/year,98.67991883,167.8012258,127.9227844
S1,FR,Production|Electricity|Imports,TWh/year,17.50754868,28.57660622,119.2609382
S1,FR,Balance|Electricity|Export-import balance,TWh/year,81.17237014,139.2246196,8.661846207
S1,FR,Production|Electricity|Storage|Hydro|Pumped storage,TWh/year,3.064943229,4.785689478,8.114000916
S1,FR,Production|Electricity|Storage|Battery,TWh/year,8.83E-06,1.12E-05,0.355095909
S1,FR,Production|Electricity|Low to medium,TWh,1,1,1
S1,FR,Production|Electricity|Medium to high,TWh,1,1,1
S1,FR,Efficiency|Storage|Battery|Charge,%,85,90,90
S1,FR,Efficiency|Storage|Hydro|Pumped storage,%,70,75,80
S1,FR,Efficiency|Hydrogen|Electrolyzer,%,61,65,72
S1,FR,Production|Hydrogen|Transport|Steam methane reforming,TWh H2/year,0,0,0
S1,FR,Production|Hydrogen|Fossil fuel refineries|Steam methane reforming,TWh H2/year,4.3,0,0
S1,FR,Production|Hydrogen|Biofuel refineries|Steam methane reforming,TWh H2/year,0,0,0
S1,FR,Production|Hydrogen|Power to liquid|Steam methane reforming,TWh H2/year,0,0,0
S1,FR,Production|Hydrogen|Ammonia|Steam methane reforming,TWh H2/year,7.3,6.1,4.9
S1,FR,Production|Hydrogen|Steel|Steam methane reforming,TWh H2/year,0,0,0
S1,FR,Production|Hydrogen|Chemicals|Steam methane reforming,TWh H2/year,2.3,7,5.7
S1,FR,Production|Hydrogen|Power to gas|Steam methane reforming,TWh H2/year,0,0,0
S1,FR,Production|Hydrogen|Transport|Steam methane reforming with Carbone Capture and Storage,TWh H2/year,0,0,0
S1,FR,Production|Hydrogen|Fossil fuel refineries|Steam methane reforming with Carbone Capture and Storage,TWh H2/year,0,0,0
S1,FR,Production|Hydrogen|Biofuel refineries|Steam methane reforming with Carbone Capture and Storage,TWh H2/year,0,0,0
S1,FR,Production|Hydrogen|Power to liquid|Steam methane reforming with Carbone Capture and Storage,TWh H2/year,0,0,0
S1,FR,Production|Hydrogen|Ammonia|Steam methane reforming with Carbone Capture and Storage,TWh H2/year,0,0,0
S1,FR,Production|Hydrogen|Steel|Steam methane reforming with Carbone Capture and Storage,TWh H2/year,0,0,0
S1,FR,Production|Hydrogen|Chemicals|Steam methane reforming with Carbone Capture and Storage,TWh H2/year,0,0,0
S1,FR,Production|Hydrogen|Power to gas|Steam methane reforming with Carbone Capture and Storage,TWh H2/year,0,0,0
S1,FR,Production|Hydrogen|Transport|Electrolysis,TWh H2/year,0,0,0.1
S1,FR,Production|Hydrogen|Fossil fuel refineries|Electrolysis,TWh H2/year,0,0,0
S1,FR,Production|Hydrogen|Biofuel refineries|Electrolysis,TWh H2/year,0,0.9,1
S1,FR,Production|Hydrogen|Power to liquid|Electrolysis,TWh H2/year,0,0,0
S1,FR,Production|Hydrogen|Ammonia|Electrolysis,TWh H2/year,0,0,0
S1,FR,Production|Hydrogen|Steel|Electrolysis,TWh H2/year,0,0,0
S1,FR,Production|Hydrogen|Chemicals|Electrolysis,TWh H2/year,0,0,0
S1,FR,Production|Hydrogen|Power to gas|Electrolysis,TWh H2/year,0,3.3,42.8
S1,FR,Production|Hydrogen|Fossil fuel refineries|Co-produced|Oil refining,TWh H2/year,6.7,5,0
S1,FR,Production|Hydrogen|Imported|Electrolysis,TWh H2/year,0,0,0
S1,FR,Production|Hydrogen|Total,TWh H2/year,16.3,22.1,54.5
S1,FR,Production|Hydrogen|Total from gas without co-produced from fossil fuels,TWh H2/year,9.6,13.1,10.6
S1,FR,Production|Hydrogen|Total from electrolysis,TWh H2/year,0,4,43.9
S1,FR,Production|Hydrogen|Share electrolysis over gas + electrolysis,%,0,23.39181287,80.55045872
S1,FR,Production|Hydrogen|Fossil fuel refineries|Empty,TWh H2/year,0,0,1
S1,FR,Production|Natural gas|Anaerobic digestion CIVE|Biogas,Nm3/year,1.50E+08,5.26E+08,5.22E+08
S1,FR,Production|Natural gas|Anaerobic digestion dedicated crops|Biogas,Nm3/year,1.03E+08,2.17E+07,0.00E+00
S1,FR,Production|Natural gas|Anaerobic digestion grass|Biogas,Nm3/year,1.35E+07,7.76E+07,4.91E+07
S1,FR,Production|Natural gas|Anaerobic digestion biowaste|Biogas,Nm3/year,1.32E+08,0.00E+00,0.00E+00
S1,FR,Production|Natural gas|Anaerobic digestion sewage sludge|Biogas,Nm3/year,0.00E+00,2.43E+07,2.03E+07
S1,FR,Production|Natural gas|Anaerobic digestion agricultural residues|Biogas,Nm3/year,3.76E+07,2.07E+08,2.74E+08
S1,FR,Production|Natural gas|Anaerobic digestion industrial wastewater|Biogas,Nm3/year,1.95E+08,7.53E+06,1.31E+06
S1,FR,Production|Natural gas|Anaerobic digestion animal manure|Biogas,Nm3/year,4.50E+08,8.36E+07,4.73E+07
S1,FR,Production|Natural gas|Pyrogasification|Renewable,Nm3/year,0,0,0
S1,FR,Production|Natural gas|Pyrogasification|Fossil,Nm3/year,0,0,0
S1,FR,Production|Natural gas|Pyrogasification with CCS|Renewable,Nm3/year,0,0,0
S1,FR,Production|Natural gas|Power to gas,Nm3/year,0,271508379.9,3656312849
S1,FR,Efficiency|Natural gas|Power to gas|Methanation,%,77,83,85
S1,FR,Production|Natural gas|Imports|Fossil,Nm3/year,38430000000,21237000000,1807000000
S1,FR,Production|Natural gas|Imports|Renewable,Nm3/year,0,0,0
S1,FR,Production|Natural gas|Anaerobic digestion CIVE|Biogas to biomethane,Nm3/year,5.32E+07,2.12E+09,5.38E+09
S1,FR,Production|Natural gas|Anaerobic digestion dedicated crops|Biogas to biomethane,Nm3/year,1.61E+07,8.73E+07,0.00E+00
S1,FR,Production|Natural gas|Anaerobic digestion grass|Biogas to biomethane,Nm3/year,3.60E+06,3.11E+08,5.39E+08
S1,FR,Production|Natural gas|Anaerobic digestion biowaste|Biogas to biomethane,Nm3/year,1.32E+07,9.72E+07,1.53E+08
S1,FR,Production|Natural gas|Anaerobic digestion sewage sludge|Biogas to biomethane,Nm3/year,1.66E+07,7.89E+07,7.86E+07
S1,FR,Production|Natural gas|Anaerobic digestion agricultural residues|Biogas to biomethane,Nm3/year,2.42E+07,8.29E+08,2.99E+09
S1,FR,Production|Natural gas|Anaerobic digestion industrial wastewater|Biogas to biomethane,Nm3/year,3.53E+07,7.60E+07,3.28E+07
S1,FR,Production|Natural gas|Anaerobic digestion animal manure|Biogas to biomethane,Nm3/year,6.66E+07,3.48E+08,5.05E+08
S1,FR,Efficiency|Natural gas|Anaerobic digestion CIVE|Biogas to biomethane|Generic,%,1,1.007453416,1.025654923
S1,FR,Efficiency|Natural gas|Anaerobic digestion CIVE|Biogas to biomethane|Biogenic CO2 emissions,%,1,1.043757562,1.162342757
S1,FR,Efficiency|Natural gas|Anaerobic digestion CIVE|Biogas to biomethane|Biogenic CH4 emissions,%,1,1.331678875,5.800052533
S1,FR,Efficiency|Natural gas|Anaerobic digestion dedicated crops|Biogas to biomethane|Generic,%,1,1.007453416,1.025654923
S1,FR,Efficiency|Natural gas|Anaerobic digestion dedicated crops|Biogas to biomethane|Biogenic CO2 emissions,%,1,1.04386289,1.162776658
S1,FR,Efficiency|Natural gas|Anaerobic digestion dedicated crops|Biogas to biomethane|Biogenic CH4 emissions,%,1,1.331678875,5.800052533
S1,FR,Efficiency|Natural gas|Anaerobic digestion grass|Biogas to biomethane|Generic,%,1,1.007453416,1.025654923
S1,FR,Efficiency|Natural gas|Anaerobic digestion grass|Biogas to biomethane|Biogenic CO2 emissions,%,1,1.043898849,1.162924849
S1,FR,Efficiency|Natural gas|Anaerobic digestion grass|Biogas to biomethane|Biogenic CH4 emissions,%,1,1.331678875,5.800052533
S1,FR,Efficiency|Natural gas|Anaerobic digestion biowaste|Biogas to biomethane|Generic,%,1,1.007453416,1.025654923
S1,FR,Efficiency|Natural gas|Anaerobic digestion biowaste|Biogas to biomethane|Biogenic CO2 emissions,%,1,1.039315223,1.144255003
S1,FR,Efficiency|Natural gas|Anaerobic digestion biowaste|Biogas to biomethane|Biogenic CH4 emissions,%,1,1.331678875,5.800052533
S1,FR,Efficiency|Natural gas|Anaerobic digestion sewage sludge|Biogas to biomethane|Generic,%,1,1.007453416,1.025654923
S1,FR,Efficiency|Natural gas|Anaerobic digestion sewage sludge|Biogas to biomethane|Biogenic CO2 emissions,%,1,1.039805202,1.146229863
S1,FR,Efficiency|Natural gas|Anaerobic digestion sewage sludge|Biogas to biomethane|Biogenic CH4 emissions,%,1,1.331678875,5.800052533
S1,FR,Efficiency|Natural gas|Anaerobic digestion agricultural residues|Biogas to biomethane|Generic,%,1,1.007453416,1.025654923
S1,FR,Efficiency|Natural gas|Anaerobic digestion agricultural residues|Biogas to biomethane|Biogenic CO2 emissions,%,1,1.044007307,1.163371978
S1,FR,Efficiency|Natural gas|Anaerobic digestion agricultural residues|Biogas to biomethane|Biogenic CH4 emissions,%,1,1.331678875,5.800052533
S1,FR,Efficiency|Natural gas|Anaerobic digestion industrial wastewater|Biogas to biomethane|Generic,%,1,1.007453416,1.025654923
S1,FR,Efficiency|Natural gas|Anaerobic digestion industrial wastewater|Biogas to biomethane|Biogenic CO2 emissions,%,1,1.042038231,1.155293139
S1,FR,Efficiency|Natural gas|Anaerobic digestion industrial wastewater|Biogas to biomethane|Biogenic CH4 emissions,%,1,1.331678875,5.800052533
S1,FR,Efficiency|Natural gas|Anaerobic digestion animal manure|Biogas to biomethane|Generic,%,1,1.007453416,1.025654923
S1,FR,Efficiency|Natural gas|Anaerobic digestion animal manure|Biogas to biomethane|Biogenic CO2 emissions,%,1,1.044722075,1.166324966
S1,FR,Efficiency|Natural gas|Anaerobic digestion animal manure|Biogas to biomethane|Biogenic CH4 emissions,%,1,1.331678875,5.800052533
S1,FR,Production|Natural gas|Anaerobic digestion|Biogas to biomethane membrane,Nm3/year,1.93E+08,3.07E+09,4.77E+09
S1,FR,Production|Natural gas|Anaerobic digestion|Biogas to biomethane chemical,Nm3/year,6.71E+06,1.07E+08,1.66E+08
S1,FR,Production|Natural gas|Anaerobic digestion|Biogas to biomethane water,Nm3/year,6.71E+06,1.07E+08,1.66E+08
S1,FR,Production|Natural gas|Anaerobic digestion|Biogas to biomethane PSA,Nm3/year,1.79E+07,2.85E+08,4.43E+08
S1,FR,Production|Natural gas|Anaerobic digestion|Biogas to biomethane cryogenic,Nm3/year,4.48E+06,7.14E+07,1.11E+08
S1,FR,Production|Natural gas|Anaerobic digestion|Biogas to biomethane membrane with CCS,Nm3/year,0.00E+00,2.58E+08,3.40E+09
S1,FR,Production|Natural gas|Anaerobic digestion|Biogas to biomethane chemical with CCS,Nm3/year,0.00E+00,8.98E+06,1.18E+08
S1,FR,Production|Natural gas|Anaerobic digestion|Biogas to biomethane water with CCS,Nm3/year,0.00E+00,8.98E+06,1.18E+08
S1,FR,Production|Natural gas|Anaerobic digestion|Biogas to biomethane PSA with CCS,Nm3/year,0.00E+00,2.40E+07,3.16E+08
S1,FR,Production|Natural gas|Anaerobic digestion|Biogas to biomethane cryogenic with CCS,Nm3/year,0.00E+00,6.00E+06,7.89E+07
S1,FR,Efficiency|Natural gas|Anaerobic digestion|Biogas to biomethane membrane|Biogenic CO2 emissions,%,1,1,1.01
S1,FR,Efficiency|Natural gas|Anaerobic digestion|Biogas to biomethane chemical|Biogenic CO2 emissions,%,1,1,1.001
S1,FR,Efficiency|Natural gas|Anaerobic digestion|Biogas to biomethane water|Biogenic CO2 emissions,%,1,1,1.02
S1,FR,Efficiency|Natural gas|Anaerobic digestion|Biogas to biomethane PSA|Biogenic CO2 emissions,%,1,1,1.03
S1,FR,Efficiency|Natural gas|Anaerobic digestion|Biogas to biomethane cryogenic|Biogenic CO2 emissions,%,1,1,1.0005
S1,FR,Efficiency|Natural gas|Anaerobic digestion|Biogas to biomethane purification|Biogenic CH4 emissions,%,1,1,1.00E+20
S1,FR,Efficiency|Natural gas|Anaerobic digestion|Biogas to biomethane membrane|Electricity,%,1,1,1.009642426
S1,FR,Efficiency|Natural gas|Anaerobic digestion|Biogas to biomethane chemical|Electricity,%,1,1,1.001
S1,FR,Efficiency|Natural gas|Anaerobic digestion|Biogas to biomethane water|Electricity,%,1,1,1.018
S1,FR,Efficiency|Natural gas|Anaerobic digestion|Biogas to biomethane PSA|Electricity,%,1,1,1.025
S1,FR,Efficiency|Natural gas|Anaerobic digestion|Biogas to biomethane cryogenic|Electricity,%,1,1,1.001
S1,FR,Production|Liquids|Petrol|Fossil petrol,%,0.9357,0.5347,0
S1,FR,Production|Liquids|Petrol|Bioethanol,%,0.0643,0.4653,1
S1,FR,Production|Liquids|Diesel|Fossil diesel,%,0.9278,0.7561,0.5273
S1,FR,Production|Liquids|Diesel|Biodiesel,%,0.0722,0.2439,0.4727
S1,FR,Production|Liquids|Kerosene|Fossil kerosene,%,1,0.831,0.604
S1,FR,Production|Liquids|Kerosene|Biokerosene,%,0,0.169,0.396
S1,FR,Efficiency|Mobility|Aviation kerosene,%,1,1.347,1.507
S1,FR,Production|Liquids|Light fuel oil|Fossil,TWh,1,1,1
S1,FR,Production|Liquids|LPG|Fossil,TWh,1,1,1
S1,FR,Heat production|Natural gas|Biomethane,TWh,1,1,1
S1,FR,Efficiency|Heat production|Biomethane|Consumption,%,1,1.00207,1.00875
S1,FR,Efficiency|Heat production|Biomethane|CO2,%,1,1.002097,1.00886
S1,FR,Efficiency|Heat production|Biomethane|CH4,%,1,1,1
S1,FR,Heat production|Natural gas|Natural gas,TWh,1,1,1
S1,FR,Efficiency|Heat production|Natural gas|Consumption,%,1,1.00031,1.00753
S1,FR,Efficiency|Heat production|Natural gas|CO2,%,1,1.000489,1.0078
S1,FR,Efficiency|Heat production|Natural gas|CH4,%,1,1,1
S1,FR,Heat production|District heating|Wastes,TWh,6.4,10,7.5
S1,FR,Heat production|District heating|Wood,TWh,6,14,17
S1,FR,Heat production|District heating|Geothermal,TWh,1.4,3,3
S1,FR,Heat production|District heating|Solar,TWh,0.7,0.505,0.35
S1,FR,Heat production|District heating|Biogas,TWh,0.7,0.505,0.35
S1,FR,Heat production|District heating|Gas,TWh,11.5,10.5,3
S1,FR,Mobility|Train,pkm,626.53,802.56,1154.63
S1,FR,Mobility|Bicycle,pkm,40.8605472,193.1351199,497.6842651
S1,FR,Mobility|Diesel car,km,2105.933281,584.699735,6.4031658
S1,FR,Mobility|Petrol car,km,576.3455641,210.1962372,13.49762357
S1,FR,Mobility|LPG car,km,7.276162467,1.999981006,0
S1,FR,Mobility|CNG car,km,0,0,0
S1,FR,Mobility|Electric car,km,0,1449.938902,1587.857602
S1,FR,Mobility|Hybrid car,km,0,34.26818114,37.52778262
S1,FR,Mobility|Fuel cell car,km,0,0,0
S1,FR,Mobility|Diesel bus,pkm,248.8521563,150.976215,4.075483686
S1,FR,Mobility|Petrol bus,pkm,63.56385581,40.52481486,6.335188529
S1,FR,Mobility|LPG bus,pkm,0.848183319,0.509438833,0
S1,FR,Mobility|CNG bus,pkm,0,0,0
S1,FR,Mobility|Electric bus,pkm,0,191.3402385,516.5078622
S1,FR,Mobility|Hybrid bus,pkm,0,11.29421541,30.48784249
S1,FR,Mobility|Fuel cell bus,pkm,0,0,0
S1,FR,Mobility|Petrol bike,pkm,81.72109447,72.19564028,17.13671109
S1,FR,Mobility|Electric bike,pkm,0,3.694903036,47.09272992
S1,FR,Mobility|Kerosene aviation,pkm,1157.715505,1030.606155,776.3874536
S1,FR,Shelter|Residential|District heat|Space heating and cooling,%,0.0441,0.0836,0.0919
S1,FR,Shelter|Residential|Gas|Space heating and cooling,%,0.3693,0.2458,0.1119
S1,FR,Shelter|Residential|Oil|Space heating and cooling,%,0.1076,0,0
S1,FR,Shelter|Residential|Wood|Space heating and cooling,%,0.0868,0.1329,0.1611
S1,FR,Shelter|Residential|Electricity|Space heating and cooling,%,0.3499,0.3991,0.3981
S1,FR,Shelter|Residential|LPG|Space heating and cooling,%,0.0138,0,0
S1,FR,Shelter|Residential|Solar|Space heating and cooling,%,0,0.0132,0.0177
S1,FR,Shelter|Residential|Electricity heat pump|Space heating and cooling,%,0.0285,0.1254,0.2194
S1,FR,Shelter|Non-residential|District heat|Space heating and cooling,%,0.0378,0.0405,0.0542
S1,FR,Shelter|Non-residential|Gas|Space heating and cooling,%,0.318,0.2111,0.0668
S1,FR,Shelter|Non-residential|Oil|Space heating and cooling,%,0.1119,0.0108,0
S1,FR,Shelter|Non-residential|Wood|Space heating and cooling,%,0.0041,0.0049,0.0066
S1,FR,Shelter|Non-residential|Electricity|Space heating and cooling,%,0.4161,0.3496,0.3181
S1,FR,Shelter|Non-residential|LPG|Space heating and cooling,%,0.0179,0.0108,0
S1,FR,Shelter|Non-residential|Solar|Space heating and cooling,%,0,0.0176,0.0235
S1,FR,Shelter|Non-residential|Electricity heat pump|Space heating and cooling,%,0.0942,0.3548,0.5309
S1,FR,Hygiene|Waste treatment|MSW|Sanitary landfill,%,0.3826,0.5617,0.6264
S1,FR,Hygiene|Waste treatment|Biowaste|Industrial composting,%,0.065,0.0779,0.0535
S1,FR,Hygiene|Waste treatment|Inert|Material landfill,%,0.1114,0.1283,0.1568
S1,FR,Hygiene|Waste treatment|MSW|Incineration,%,0.1494,0.1152,0.0936
S1,FR,Hygiene|Waste treatment|MSW|Unsanitary landfill,%,0.1787,0.0691,0.0185
S1,FR,Hygiene|Waste treatment|Inert|Sanitary landfill,%,0.0996,0.0288,0.028
S1,FR,Hygiene|Waste treatment|Hazardous|Deposit,%,0.0133,0.019,0.0232
S1,FR,Mobility|DLS,unit,1,1,1
S1,FR,Efficiency|Mobility|Distance travelled,%,1,1.0214,1.0275
S1,FR,Shelter|Residential|DLS,unit,1,1,1
S1,FR,Efficiency|Shelter|Residential|Space heating and cooling,%,1,1.1899,1.9709
S1,FR,Efficiency|Shelter|Residential|Illumination,%,1,1.1257,1.3905
S1,FR,Efficiency|Shelter|Residential|Infrastucture,%,1,0.9932,0.9932
S1,FR,Clothing|DLS,unit,1,1,1
S1,FR,Efficiency|Clothing|Electricity washing and drying,%,1,1.3401,4.1905
S1,FR,Collective services|DLS,unit,1,1,1
S1,FR,Efficiency|Collective services|Space heating and cooling,%,1,0.99942,0.99827
S1,FR,Efficiency|Collective services|Illumination,%,1,1.1333,1.40
S1,FR,Healthcare|DLS,unit,1,1,1
S1,FR,Efficiency|Healthcare|Space heating and cooling,%,1,1.0008,1.0025
S1,FR,Education|DLS,unit,1,1,1
S1,FR,Efficiency|Education|Space heating and cooling,%,1,0.9944,0.9834
S1,FR,Hygiene|DLS,unit,1,1,1
S1,FR,Efficiency|Hygiene|Domestic hot water,%,1,1.0105,1.0316
S1,FR,Efficiency|Hygiene|Waste,%,1,1.5143,3.0814
S1,FR,Communication|DLS,unit,1,1,1
S1,FR,Efficiency|Communication|Electricity,%,1,0.9849,0.9848
S1,FR,Efficiency|Hygiene|Phone infrastructure,%,1,0.9817,0.9811
S1,FR,Efficiency|Hygiene|Networks infrastructure,%,1,0.9860,0.9860
S1,FR,Nutrition|Food|Diet,unit,1,1,1
S1,FR,Efficiency|Food|Red meat,%,1,1.3211,4.0827
S1,FR,Efficiency|Food|Swine,%,1,1.3109,3.7978
S1,FR,Efficiency|Food|Chicken,%,1,1.1798,1.8989
S1,FR,Efficiency|Food|Dairy,%,1,1.2202,2.2753
S1,FR,Efficiency|Food|Fish,%,1,1.2268,2.3487
S1,FR,Efficiency|Food|Fruits,%,1,1.1629,1.7706
S1,FR,Efficiency|Food|Vegetables,%,1,0.9705,0.9137
S1,FR,Efficiency|Food|Legumes,%,1,0.4214,0.1899
S1,FR,Efficiency|Food|Grains,%,1,0.9898,0.9688
S1,FR,Efficiency|Food|Oil,%,1,0.9075,0.7596
S1,FR,Efficiency|Food|Soybean,%,1,0.2793,0.1109
S1,FR,Efficiency|Food|Tofu,%,1,0.6806,0.4069
S1,FR,Efficiency|Food|Sugar,%,1,1.0534,1.1868
S1,FR,Nutrition|Cooking|LPG,%,0.1478,0.1761,0.2058
S1,FR,Nutrition|Cooking|Natural gas,%,0.3075,0.2417,0.1862
S1,FR,Nutrition|Cooking|Electricity,%,0.5447,0.5822,0.608
S1,FR,Efficiency|Cooking|Fuels,%,1,1.3636,5.000
S1,FR,Efficiency|Cooking|Electricity total,%,1,1.314,3.575
S1,FR,Efficiency|Cooking|Refrigeration,%,1,1.014,1.076